exercise_id,cover_url,video_url,source,license,cover_qa,cover_status,cover_retry
arm_circle_warmup,https://images.pexels.com/photos/8846450/pexels-photo-8846450.jpeg?w=800&h=800&fit=crop,https://www.pexels.com/videos/arm-circles/,Pexels,"Pexels免费许可(可商用,无需署名)",ok,direct,
scapular_wall_slide,https://images.pexels.com/photos/8401111/pexels-photo-8401111.jpeg?w=800&h=800&fit=crop,https://www.pexels.com/videos/wall-slide-shoulder/,Pexels,"Pexels免费许可(可商用,无需署名)",approximate,direct,approximate
wall_pushup,https://images.pexels.com/photos/4720311/pexels-photo-4720311.jpeg?w=800&h=800&fit=crop,https://www.pexels.com/videos/wall-push-up/,Pexels,"Pexels免费许可(可商用,无需署名)",ok,direct,
band_tricep_kickback,https://www.pexels.com/search/tricep%20kickback/,https://www.pexels.com/videos/resistance-band-tricep/,Pexels检索页,待筛选(检索页内图片免费可商用),mismatch,search_page,
dumbbell_overhead_ext,https://images.pexels.com/photos/38167598/pexels-photo-38167598.jpeg?w=800&h=800&fit=crop,https://www.pexels.com/videos/overhead-tricep-extension/,Pexels,"Pexels免费许可(可商用,无需署名)",ok,direct,
chair_dip,https://images.pexels.com/photos/4803875/pexels-photo-4803875.jpeg?w=800&h=800&fit=crop,https://www.pexels.com/videos/chair-dips/,Pexels,"Pexels免费许可(可商用,无需署名)",ok,direct,
close_grip_pushup,https://images.pexels.com/photos/4720291/pexels-photo-4720291.jpeg?w=800&h=800&fit=crop,https://www.pexels.com/videos/close-grip-push-up/,Pexels,"Pexels免费许可(可商用,无需署名)",ok,direct,
tricep_cross_stretch,https://images.pexels.com/photos/5837130/pexels-photo-5837130.jpeg?w=800&h=800&fit=crop,https://www.pexels.com/videos/tricep-stretch/,Pexels,"Pexels免费许可(可商用,无需署名)",ok,direct,
foam_roll_tricep,https://images.pexels.com/photos/4804307/pexels-photo-4804307.jpeg?w=800&h=800&fit=crop,https://www.pexels.com/videos/foam-rolling-arm/,Pexels,"Pexels免费许可(可商用,无需署名)",ok,direct,
glute_bridge,https://images.pexels.com/photos/39635362/pexels-photo-39635362.jpeg?w=800&h=800&fit=crop,https://www.pexels.com/videos/glute-bridge/,Pexels,"Pexels免费许可(可商用,无需署名)",ok,direct,
clam_shell,https://images.pexels.com/photos/7479759/pexels-photo-7479759.jpeg?w=800&h=800&fit=crop,https://www.pexels.com/videos/clam-shell-exercise/,Pexels,"Pexels免费许可(可商用,无需署名)",approximate,direct,approximate
side_lying_leg_lift,https://images.pexels.com/photos/7530002/pexels-photo-7530002.jpeg?w=800&h=800&fit=crop,https://www.pexels.com/videos/side-lying-leg-lift/,Pexels,"Pexels免费许可(可商用,无需署名)",ok,direct,ok
donkey_kick,https://images.pexels.com/photos/6303435/pexels-photo-6303435.jpeg?w=800&h=800&fit=crop,https://www.pexels.com/videos/donkey-kick-exercise/,Pexels,"Pexels免费许可(可商用,无需署名)",ok,direct,not_found
bodyweight_squat,https://images.pexels.com/photos/7746286/pexels-photo-7746286.jpeg?w=800&h=800&fit=crop,https://www.pexels.com/videos/bodyweight-squat/,Pexels,"Pexels免费许可(可商用,无需署名)",ok,direct,ok
fire_hydrant,https://images.pexels.com/photos/6339645/pexels-photo-6339645.jpeg?w=800&h=800&fit=crop,https://www.pexels.com/videos/fire-hydrant-exercise/,Pexels,"Pexels免费许可(可商用,无需署名)",approximate,direct,approximate
hip_flexor_stretch,https://images.pexels.com/photos/6453974/pexels-photo-6453974.jpeg?w=800&h=800&fit=crop,https://www.pexels.com/videos/hip-flexor-stretch/,Pexels,"Pexels免费许可(可商用,无需署名)",ok,direct,ok
foam_roll_glutes,https://images.pexels.com/photos/4587696/pexels-photo-4587696.jpeg?w=800&h=800&fit=crop,https://www.pexels.com/videos/foam-rolling-glutes/,Pexels,"Pexels免费许可(可商用,无需署名)",approximate,direct,
hip_warmup_circles,https://images.pexels.com/photos/4148929/pexels-photo-4148929.jpeg?w=800&h=800&fit=crop,https://www.pexels.com/videos/hip-circles-warmup/,Pexels,"Pexels免费许可(可商用,无需署名)",approximate,direct,approximate
reverse_lunge,https://images.pexels.com/photos/38062134/pexels-photo-38062134.jpeg?w=800&h=800&fit=crop,https://www.pexels.com/videos/reverse-lunge/,Pexels,"Pexels免费许可(可商用,无需署名)",ok,direct,ok
dead_bug,https://images.pexels.com/photos/6896485/pexels-photo-6896485.jpeg?w=800&h=800&fit=crop,https://www.pexels.com/videos/dead-bug-exercise/,Pexels,"Pexels免费许可(可商用,无需署名)",approximate,direct,approximate
lying_leg_raise,https://images.pexels.com/photos/20703872/pexels-photo-20703872.jpeg?w=800&h=800&fit=crop,https://www.pexels.com/videos/lying-leg-raise/,Pexels,"Pexels免费许可(可商用,无需署名)",approximate,direct,
pelvic_tilt,https://images.pexels.com/photos/4587402/pexels-photo-4587402.jpeg?w=800&h=800&fit=crop,https://www.pexels.com/videos/pelvic-tilt-exercise/,Pexels,"Pexels免费许可(可商用,无需署名)",approximate,direct,approximate
supine_knee_tuck,https://images.pexels.com/photos/7593010/pexels-photo-7593010.jpeg?w=800&h=800&fit=crop,https://www.pexels.com/videos/supine-knee-tuck/,Pexels,"Pexels免费许可(可商用,无需署名)",ok,direct,ok
mountain_climber,https://images.pexels.com/photos/6516165/pexels-photo-6516165.jpeg?w=800&h=800&fit=crop,https://www.pexels.com/videos/mountain-climber-exercise/,Pexels,"Pexels免费许可(可商用,无需署名)",ok,direct,ok
forearm_plank,https://images.pexels.com/photos/6453936/pexels-photo-6453936.jpeg?w=800&h=800&fit=crop,https://www.pexels.com/videos/forearm-plank/,Pexels,"Pexels免费许可(可商用,无需署名)",ok,direct,
bird_dog,https://images.pexels.com/photos/6454196/pexels-photo-6454196.jpeg?w=800&h=800&fit=crop,https://www.pexels.com/videos/bird-dog-exercise/,Pexels,"Pexels免费许可(可商用,无需署名)",ok,direct,ok
core_breath_warmup,https://images.pexels.com/photos/4909014/pexels-photo-4909014.jpeg?w=800&h=800&fit=crop,https://www.pexels.com/videos/core-breathing-exercise/,Pexels,"Pexels免费许可(可商用,无需署名)",ok,direct,ok(已替换)
cat_cow_stretch,https://images.pexels.com/photos/7663225/pexels-photo-7663225.jpeg?w=800&h=800&fit=crop,https://www.pexels.com/videos/cat-cow-stretch/,Pexels,"Pexels免费许可(可商用,无需署名)",ok,direct,approximate
seated_forward_fold,https://images.pexels.com/photos/8174424/pexels-photo-8174424.jpeg?w=800&h=800&fit=crop,https://www.pexels.com/videos/seated-forward-fold/,Pexels,"Pexels免费许可(可商用,无需署名)",ok,direct,ok
neck_side_stretch,https://images.pexels.com/photos/7900668/pexels-photo-7900668.jpeg?w=800&h=800&fit=crop,https://www.pexels.com/video/a-woman-stretching-her-neck-and-posing-in-studio-8836758/,Pexels,"Pexels免费许可(可商用,无需署名)",ok,direct,
trap_self_massage_ball,https://images.pexels.com/photos/4498297/pexels-photo-4498297.jpeg?w=800&h=800&fit=crop,https://www.pexels.com/videos/neck-massage-ball/,Pexels,"Pexels免费许可(可商用,无需署名)",ok,direct,ok
shoulder_shrug_release,https://www.pexels.com/search/shoulder%20shrug/,https://www.pexels.com/videos/shoulder-shrug/,Pexels检索页,待筛选(检索页内图片免费可商用),mismatch,search_page,
neck_rotation_warmup,https://images.pexels.com/photos/6633767/pexels-photo-6633767.jpeg?w=800&h=800&fit=crop,https://www.pexels.com/videos/neck-rotation/,Pexels,"Pexels免费许可(可商用,无需署名)",ok,direct,
doorway_pec_stretch,https://www.pexels.com/search/chest%20stretch/,https://www.pexels.com/videos/doorway-chest-stretch/,Pexels检索页,待筛选(检索页内图片免费可商用),mismatch,search_page,not_found
chin_tuck,https://www.pexels.com/search/chin%20tuck/,https://www.pexels.com/videos/chin-tuck/,Pexels检索页,待筛选(检索页内图片免费可商用),mismatch,search_page,not_found
foam_roll_upper_back,https://images.pexels.com/photos/4804297/pexels-photo-4804297.jpeg?w=800&h=800&fit=crop,https://www.pexels.com/videos/foam-roller-back/,Pexels,"Pexels免费许可(可商用,无需署名)",ok,direct,
scapular_retraction_band,https://images.pexels.com/photos/6339607/pexels-photo-6339607.jpeg?w=800&h=800&fit=crop,https://www.pexels.com/video/a-person-exercising-with-a-personal-trainer-6023200/,Pexels,"Pexels免费许可(可商用,无需署名)",approximate,direct,
wrist_neck_release,https://images.pexels.com/photos/8598372/pexels-photo-8598372.jpeg?w=800&h=800&fit=crop,https://www.pexels.com/videos/neck-stretch-sitting/,Pexels,"Pexels免费许可(可商用,无需署名)",approximate,direct,approximate
wall_angel,https://images.pexels.com/photos/6339484/pexels-photo-6339484.jpeg?w=800&h=800&fit=crop,https://www.pexels.com/videos/wall-angel/,Pexels,"Pexels免费许可(可商用,无需署名)",approximate,direct,approximate
band_face_pull,https://images.pexels.com/photos/5097256/pexels-photo-5097256.jpeg?w=800&h=800&fit=crop,https://www.pexels.com/videos/face-pull-resistance-band/,Pexels,"Pexels免费许可(可商用,无需署名)",ok,direct,
prone_y_raise,https://images.pexels.com/photos/6193552/pexels-photo-6193552.jpeg?w=800&h=800&fit=crop,https://www.pexels.com/videos/prone-y-raise/,Pexels,"Pexels免费许可(可商用,无需署名)",ok,direct,ok(已替换)
prone_t_raise,https://images.pexels.com/photos/6193552/pexels-photo-6193552.jpeg?w=800&h=800&fit=crop,https://www.pexels.com/videos/prone-t-raise/,Pexels,"Pexels免费许可(可商用,无需署名)",approximate,direct,not_found
scapular_squeeze,https://images.pexels.com/photos/6798416/pexels-photo-6798416.jpeg?w=800&h=800&fit=crop,https://www.pexels.com/videos/scapular-squeeze/,Pexels,"Pexels免费许可(可商用,无需署名)",approximate,direct,approximate
doorway_chest_opener,https://images.pexels.com/photos/8018968/pexels-photo-8018968.jpeg?w=800&h=800&fit=crop,https://www.pexels.com/videos/chest-opener-stretch/,Pexels,"Pexels免费许可(可商用,无需署名)",ok,direct,ok
foam_roll_chest_opener,https://images.pexels.com/photos/4804294/pexels-photo-4804294.jpeg?w=800&h=800&fit=crop,https://www.pexels.com/videos/foam-roller-chest/,Pexels,"Pexels免费许可(可商用,无需署名)",ok,direct,
reverse_fly_dumbbell,https://images.pexels.com/photos/29793977/pexels-photo-29793977.jpeg?w=800&h=800&fit=crop,https://www.pexels.com/videos/rear-delt-fly/,Pexels,"Pexels免费许可(可商用,无需署名)",approximate,direct,
wall_slide_rs,https://images.pexels.com/photos/4853072/pexels-photo-4853072.jpeg?w=800&h=800&fit=crop,https://www.pexels.com/videos/wall-slide/,Pexels,"Pexels免费许可(可商用,无需署名)",approximate,direct,approximate
fb_bodyweight_squat,https://images.pexels.com/photos/4662331/pexels-photo-4662331.jpeg?w=800&h=800&fit=crop,https://www.pexels.com/videos/bodyweight-squat/,Pexels,"Pexels免费许可(可商用,无需署名)",ok,direct,ok
fb_incline_pushup,https://images.pexels.com/photos/6740092/pexels-photo-6740092.jpeg?w=800&h=800&fit=crop,https://www.pexels.com/videos/incline-push-up/,Pexels,"Pexels免费许可(可商用,无需署名)",ok,direct,
fb_plank_hold,https://images.pexels.com/photos/6303466/pexels-photo-6303466.jpeg?w=800&h=800&fit=crop,https://www.pexels.com/videos/plank-hold/,Pexels,"Pexels免费许可(可商用,无需署名)",ok,direct,
fb_glute_bridge,https://images.pexels.com/photos/39635362/pexels-photo-39635362.jpeg?w=800&h=800&fit=crop,https://www.pexels.com/videos/glute-bridge/,Pexels,"Pexels免费许可(可商用,无需署名)",ok,direct,
fb_standing_march,https://images.pexels.com/photos/6339341/pexels-photo-6339341.jpeg?w=800&h=800&fit=crop,https://www.pexels.com/videos/march-in-place/,Pexels,"Pexels免费许可(可商用,无需署名)",ok,direct,ok
fb_step_touch,https://images.pexels.com/photos/7020828/pexels-photo-7020828.jpeg?w=800&h=800&fit=crop,https://www.pexels.com/videos/step-touch/,Pexels,"Pexels免费许可(可商用,无需署名)",approximate,direct,approximate
fb_bird_dog,https://images.pexels.com/photos/6454196/pexels-photo-6454196.jpeg?w=800&h=800&fit=crop,https://www.pexels.com/videos/bird-dog-exercise/,Pexels,"Pexels免费许可(可商用,无需署名)",ok,direct,ok
fb_sit_to_stand,https://images.pexels.com/photos/23224762/pexels-photo-23224762.jpeg?w=800&h=800&fit=crop,https://www.pexels.com/videos/sit-to-stand-exercise/,Pexels,"Pexels免费许可(可商用,无需署名)",approximate,direct,approximate
fb_arm_leg_reach,https://www.pexels.com/search/standing%20warm%20up/,https://www.pexels.com/videos/warm-up-arm-reach/,Pexels检索页,待筛选(检索页内图片免费可商用),mismatch,search_page,
fb_low_jack,https://www.pexels.com/search/low%20impact%20exercise/,https://www.pexels.com/videos/low-impact-jumping-jack/,Pexels检索页,待筛选(检索页内图片免费可商用),mismatch,search_page,
dumbbell_skull_crusher,https://images.pexels.com/photos/7187892/pexels-photo-7187892.jpeg?w=800&h=800&fit=crop,https://www.pexels.com/videos/skull-crusher/,Pexels,"Pexels免费许可(可商用,无需署名)",ok,direct,
bulgarian_split_squat,https://images.pexels.com/photos/12035660/pexels-photo-12035660.jpeg?w=800&h=800&fit=crop,https://www.pexels.com/videos/bulgarian-split-squat/,Pexels,"Pexels免费许可(可商用,无需署名)",approximate,direct,not_found
single_leg_glute_bridge,https://images.pexels.com/photos/5012081/pexels-photo-5012081.jpeg?w=800&h=800&fit=crop,https://www.pexels.com/videos/single-leg-glute-bridge/,Pexels,"Pexels免费许可(可商用,无需署名)",ok,direct,ok
side_plank,https://images.pexels.com/photos/6454170/pexels-photo-6454170.jpeg?w=800&h=800&fit=crop,https://www.pexels.com/videos/side-plank/,Pexels,"Pexels免费许可(可商用,无需署名)",ok,direct,
flutter_kick,https://images.pexels.com/photos/14942844/pexels-photo-14942844.jpeg?w=800&h=800&fit=crop,https://www.pexels.com/videos/flutter-kick-exercise/,Pexels,"Pexels免费许可(可商用,无需署名)",approximate,direct,approximate
single_arm_band_row,https://images.pexels.com/photos/8417532/pexels-photo-8417532.jpeg?w=800&h=800&fit=crop,https://www.pexels.com/videos/resistance-band-row/,Pexels,"Pexels免费许可(可商用,无需署名)",ok,direct,
lateral_lunge,https://images.pexels.com/photos/7319735/pexels-photo-7319735.jpeg?w=800&h=800&fit=crop,https://www.pexels.com/videos/lateral-lunge/,Pexels,"Pexels免费许可(可商用,无需署名)",ok,direct,ok
high_knee_march_inplace,https://images.pexels.com/photos/6339342/pexels-photo-6339342.jpeg?w=800&h=800&fit=crop,https://www.pexels.com/videos/high-knee-march/,Pexels,"Pexels免费许可(可商用,无需署名)",ok,direct,
full_body_standing_stretch,https://www.pexels.com/search/full%20body%20stretch/,https://www.pexels.com/videos/full-body-stretch/,Pexels检索页,待筛选(检索页内图片免费可商用),mismatch,search_page,
seated_spinal_twist,https://images.pexels.com/photos/4534584/pexels-photo-4534584.jpeg?w=800&h=800&fit=crop,https://www.pexels.com/videos/seated-spinal-twist/,Pexels,"Pexels免费许可(可商用,无需署名)",ok,direct,
